produto,preco,empresa,origem,avaliacao,data,data_criacao,ultima_atualizacao
Kit Composteira Doméstica / Minhocário G + Minhocas - 60l Sf,397,Por Casologica,,,2024-09-10,2024-09-10 12:05:08.895505,2024-09-10 12:05:08.895505
Coletor Menstrual Korui - Pôr Do Sol,79,,,,2024-09-10,2024-09-10 12:05:08.895505,2024-09-10 12:05:08.895505
Carbo 100% Natural Mombora - Kit 4 Sachês - Variados,42,,,,2024-09-10,2024-09-10 12:05:08.895505,2024-09-10 12:05:08.895505
Kit Composteira Doméstica / Minhocário G + Minhocas - 60l Sf,397,Por Casologica,,,2024-09-10,2024-09-10 12:05:08.895505,2024-09-10 12:05:08.895505
Coletor Menstrual Korui - Pôr Do Sol,79,,,,2024-09-10,2024-09-10 12:05:08.895505,2024-09-10 12:05:08.895505
Bio2 Barra Protein Vegana Cacau E Maca Peruana Dp Com 12un  ,189,,,,2024-09-10,2024-09-10 12:05:08.895505,2024-09-10 12:05:08.895505
Filtro Agua 9 3/4 Ponto De Uso Pou Carvão Ativado Tira Cloro,141,,,,2024-09-10,2024-09-10 12:05:08.895505,2024-09-10 12:05:08.895505
51mm Portafilter Nu Substitua Por Alça Longa Para,124,Por Suntek,,,2024-09-10,2024-09-10 12:05:08.895505,2024-09-10 12:05:08.895505
Inciclo Coletor Menstrual A + Copinho Esterilizador,78,,,,2024-09-10,2024-09-10 12:05:08.895505,2024-09-10 12:05:08.895505
Filtro Refil Purificador De Água Avanti Ibbl Original,42,,,,2024-09-10,2024-09-10 12:05:08.895505,2024-09-10 12:05:08.895505
Aceto Balsâmico Envelhecido Orgânico Uva'só Vidro 250ml,45,,,,2024-09-10,2024-09-10 12:05:08.895505,2024-09-10 12:05:08.895505
Garrafa De Água Sem Bpa 2500ml À Prova De Vazamentos Jarro,104,Por Suntek,,,2024-09-10,2024-09-10 12:05:08.895505,2024-09-10 12:05:08.895505
Camiseta Personalizada Underflow Malha Ecológica,99,,,,2024-09-10,2024-09-10 12:05:08.895505,2024-09-10 12:05:08.895505
Cartucho Hp 667xl Preto E 667xl Colorido Original E Lacrado ,188,,,,2024-09-10,2024-09-10 12:05:08.895505,2024-09-10 12:05:08.895505
Garrafa Térmica Aço Inox Água Gelada Garantida Por 24 Horas,39,,,,2024-09-10,2024-09-10 12:05:08.895505,2024-09-10 12:05:08.895505
Filtro De Barro Salute 12 Litros - C/1 Vela C/carvão + Bóia,189,,,,2024-09-10,2024-09-10 12:05:08.895505,2024-09-10 12:05:08.895505
Leite De Coco Em Pó 1kg -  100% Puro Premium,85,,,,2024-09-10,2024-09-10 12:05:08.895505,2024-09-10 12:05:08.895505
2 Coador De Café Algodão Sustentável Reutilizável Melita 103,52,,,,2024-09-10,2024-09-10 12:05:08.895505,2024-09-10 12:05:08.895505
Camiseta Johnny Cash Folson Prison Blues Malha Ecológica,78,,,,2024-09-10,2024-09-10 12:05:08.895505,2024-09-10 12:05:08.895505
Camiseta Sonic Youth Dirty Indie Rock Malha Ecológica,78,,,,2024-09-10,2024-09-10 12:05:08.895505,2024-09-10 12:05:08.895505
16 Shampoos E Sabonetes Veganos Da Expresso Mata Atlântica,405,,,,2024-09-10,2024-09-10 12:05:08.895505,2024-09-10 12:05:08.895505
1 Cápsula Nespresso Recarregável Reutilizável Cafeteira Café,19,,,,2024-09-10,2024-09-10 12:05:08.895505,2024-09-10 12:05:08.895505
Camiseta Soundgarden Badmotorfinger Grunge Chris Cornell ,78,,,,2024-09-10,2024-09-10 12:05:08.895505,2024-09-10 12:05:08.895505
Protetor De Calcinha Com Abas - Romã,35,,,,2024-09-10,2024-09-10 12:05:08.895505,2024-09-10 12:05:08.895505
Diário Lunar - Primeiros Ciclos Menstruais,24,,,,2024-09-10,2024-09-10 12:05:08.895505,2024-09-10 12:05:08.895505
4 Saquinhos Reutilizáveis Sustentável Ecológico Legume Fruta,55,,,,2024-09-10,2024-09-10 12:05:08.895505,2024-09-10 12:05:08.895505
Calcinha Absorvente Korui - 1 Unidade,89,,,,2024-09-10,2024-09-10 12:05:08.895505,2024-09-10 12:05:08.895505
600 Unid De Cotonete Madeira Algodão Sustentável Ecológico,139,,,,2024-09-10,2024-09-10 12:05:08.895505,2024-09-10 12:05:08.895505
Coletor Menstrual Korui - Amazônia,79,,,,2024-09-10,2024-09-10 12:05:08.895505,2024-09-10 12:05:08.895505
Camiseta Rage Against The Machine Evil Empire Malha Eco,78,,,,2024-09-10,2024-09-10 12:05:08.895505,2024-09-10 12:05:08.895505
Cachaça Camponeses Orgânica E Artesanal 700ml - Carvalho,78,,,,2024-09-10,2024-09-10 12:05:08.895505,2024-09-10 12:05:08.895505
Vela Sustentável E Vegana 100% Natural De Maracujá,39,,,,2024-09-10,2024-09-10 12:05:08.895505,2024-09-10 12:05:08.895505
Horta Vertical- Produto Sustentável,273,,,,2024-09-10,2024-09-10 12:05:08.895505,2024-09-10 12:05:08.895505
Garrafa Squeeze Feita Tritan Certificada - Bpa Free,78,,,,2024-09-10,2024-09-10 12:05:08.895505,2024-09-10 12:05:08.895505
"Shampoo Sólido 100% Natural Murumuru, Amêndoa E Mandarina",37,Por Insitta,,,2024-09-10,2024-09-10 12:05:08.895505,2024-09-10 12:05:08.895505
Cápsula Nespresso Reutilizável Inox + Tamper,139,,,,2024-09-10,2024-09-10 12:05:08.895505,2024-09-10 12:05:08.895505
Protetor De Calcinha Com Abas - Astral,35,,,,2024-09-10,2024-09-10 12:05:08.895505,2024-09-10 12:05:08.895505
Kit Full Vidro - 3 Retos + 3 Curvos + Escova - Canudos,32,,,,2024-09-10,2024-09-10 12:05:08.895505,2024-09-10 12:05:08.895505
 Painel Jardim Vertical + Irrigação + Impermeabilizante,358,,,,2024-09-10,2024-09-10 12:05:08.895505,2024-09-10 12:05:08.895505
Cápsula Nespresso Reutilizável Inox,55,,,,2024-09-10,2024-09-10 12:05:08.895505,2024-09-10 12:05:08.895505
Camiseta Hüsker Dü Husker Du Hardcore Punk Emo Bob Mould,78,,,,2024-09-10,2024-09-10 12:05:08.895505,2024-09-10 12:05:08.895505
Cumbuca /tigela /bowl De Coco Natural ,29,,,,2024-09-10,2024-09-10 12:05:08.895505,2024-09-10 12:05:08.895505
Kit Talheres De Bambu - Reutilizáveis - Acompanha Ecobag,32,,,,2024-09-10,2024-09-10 12:05:08.895505,2024-09-10 12:05:08.895505
Protetor De Calcinha Com Abas - Ciranda,35,,,,2024-09-10,2024-09-10 12:05:08.895505,2024-09-10 12:05:08.895505
Módulo Jardim Vertical + Camada Impermeável + Kit Instalação,349,,,,2024-09-10,2024-09-10 12:05:08.895505,2024-09-10 12:05:08.895505
Vela Aromática Perfumada Vegetal Spice Canela,37,,,,2024-09-10,2024-09-10 12:05:08.895505,2024-09-10 12:05:08.895505
Capa Pet Dobrável Impermeável Protetor Para Bancos De Carros,179,,,,2024-09-10,2024-09-10 12:05:08.895505,2024-09-10 12:05:08.895505
Caixinha De Som Amplificadora Para Celular Portátil Pinus,65,,,,2024-09-10,2024-09-10 12:05:08.895505,2024-09-10 12:05:08.895505
Kit Mochila Kraft + Térmica 500ml Br+ Canudos Inox 6-1 Roxo,254,,,,2024-09-10,2024-09-10 12:05:08.895505,2024-09-10 12:05:08.895505
Garrafa Retrátil Silicone ,56,,,,2024-09-10,2024-09-10 12:05:08.895505,2024-09-10 12:05:08.895505
